sr,name,surname,age,gender,profession,country,state,district,rd_city,city,mobile_no,email,source,isComplete
1,harvey,johnson,22,Male,Student,1,1,400,City,Ulhasnagar Municipal Corporation,999999999,harvey@gmail.com,Other Social Media,false
2,def9,experts,22,Male,Student,1,1,400,City,Ulhasnagar Municipal Corporation,999999999,def9@gmail.com,Other Social Media,false
3,riyaz,ekskks,24,Male,Student,1,1,400,City,Ulhasnagar Municipal Corporation,999999999,def9@gmail.com,Other Social Media,false
3,riyaz4,ekskks,24,Male,Student,1,1,400,City,Ulhasnagar Municipal Corporation,999999999,def9@gmail.com,Other Social Media,false
3,riyaz6,ekskks,24,Male,Student,1,1,400,City,Ulhasnagar Municipal Corporation,999999999,def9@gmail.com,Other Social Media,false
3,riyaz5,ekskks,24,Male,Student,1,1,400,City,Ulhasnagar Municipal Corporation,999999999,def9@gmail.com,Other Social Media,false
3,riyaz9,ekskks,24,Male,Student,1,1,400,City,Ulhasnagar Municipal Corporation,999999999,def9@gmail.com,Other Social Media,false
3,riyaz6,ekskks,24,Male,Student,1,1,400,City,Ulhasnagar Municipal Corporation,999999999,def9@gmail.com,Other Social Media,false
3,riyaz0,ekskks,24,Male,Student,1,1,400,City,Ulhasnagar Municipal Corporation,999999999,def9@gmail.com,Other Social Media,false
3,riyaz,ekskks,24,Male,Student,1,1,400,City,Ulhasnagar Municipal Corporation,999999999,def9@gmail.com,Other Social Media,false
3,riyaz,ekskks,24,Male,Student,1,1,400,City,Ulhasnagar Municipal Corporation,999999999,def9@gmail.com,Other Social Media,false
3,riyaz,ekskks,24,Male,Student,1,1,400,City,Ulhasnagar Municipal Corporation,999999999,def9@gmail.com,Other Social Media,false

